{
 "actions": [],
 "creation": "2017-10-09 16:53:26.410762",
 "doctype": "DocType",
 "document_type": "Document",
 "editable_grid": 1,
 "engine": "InnoDB",
 "field_order": [
  "employee_advance",
  "posting_date",
  "advance_paid",
  "column_break_4",
  "unclaimed_amount",
  "return_amount",
  "allocated_amount",
  "advance_account"
 ],
 "fields": [
  {
   "columns": 2,
   "fieldname": "employee_advance",
   "fieldtype": "Link",
   "in_list_view": 1,
   "label": "Employee Advance",
   "no_copy": 1,
   "oldfieldname": "journal_voucher",
   "oldfieldtype": "Link",
   "options": "Employee Advance",
   "print_width": "250px",
   "reqd": 1,
   "width": "250px"
  },
  {
   "columns": 2,
   "fieldname": "posting_date",
   "fieldtype": "Date",
   "in_list_view": 1,
   "label": "Posting Date",
   "read_only": 1
  },
  {
   "columns": 2,
   "fieldname": "advance_paid",
   "fieldtype": "Currency",
   "in_list_view": 1,
   "label": "Advance Paid",
   "options": "Company:company:default_currency",
   "read_only": 1
  },
  {
   "columns": 2,
   "fieldname": "unclaimed_amount",
   "fieldtype": "Currency",
   "in_list_view": 1,
   "label": "Unclaimed Amount",
   "no_copy": 1,
   "oldfieldname": "advance_amount",
   "oldfieldtype": "Currency",
   "options": "Company:company:default_currency",
   "print_width": "120px",
   "read_only": 1,
   "reqd": 1,
   "width": "120px"
  },
  {
   "columns": 2,
   "fieldname": "allocated_amount",
   "fieldtype": "Currency",
   "in_list_view": 1,
   "label": "Allocated Amount",
   "no_copy": 1,
   "oldfieldname": "allocated_amount",
   "oldfieldtype": "Currency",
   "options": "Company:company:default_currency",
   "print_width": "120px",
   "width": "120px"
  },
  {
   "fieldname": "advance_account",
   "fieldtype": "Link",
   "hidden": 1,
   "label": "Advance Account",
   "options": "Account"
  },
  {
   "fieldname": "column_break_4",
   "fieldtype": "Column Break"
  },
  {
   "depends_on": "return_amount",
   "fieldname": "return_amount",
   "fieldtype": "Currency",
   "label": "Returned Amount",
   "options": "Company:company:default_currency",
   "read_only": 1
  }
 ],
 "istable": 1,
 "links": [],
 "modified": "2025-01-29 15:22:37.971097",
 "modified_by": "Administrator",
 "module": "HR",
 "name": "Expense Claim Advance",
 "owner": "Administrator",
 "permissions": [],
 "quick_entry": 1,
 "sort_field": "creation",
 "sort_order": "DESC",
 "states": []
}